,seller,cName,name,brandName,Prices,recOnly,recPrices,special,specialData,type,wholesalePrices
0,flowertopia,0-beaker-bong-w-honeycomb-filter-black,"!0"" Beaker Bong w/Honeycomb Filter - Black",Maq Distributors,40,False,,,,Accessories,
1,flowertopia,0-beaker-bong-w-honeycomb-filter-blue,"!0"" Beaker Bong w/Honeycomb Filter - Blue",Maq Distributors,40,False,,,,Accessories,
2,flowertopia,0-10-cbd-gems-15-pack,0:10 CBD Gems | 15-pack,Redecan,16,False,,,,Edible,
3,flowertopia,14-mm-male-quartz-banger-90-degree,14 mm Male Quartz Banger - 90 Degree,Maq Distributors,17,False,,,,Accessories,
4,flowertopia,1-1-balanced-rso-1g,1:1 Balanced RSO | 1g,Ellevia,29.99,False,,,,Concentrate,
5,flowertopia,4-parts-leaf-metal-colour-grinder,4 Parts Leaf Metal Colour Grinder,One Wholesale,8.99,False,,,,Accessories,
6,flowertopia,4-soft-glass-hand-pipe,"4"" Soft Glass Hand Pipe",One Wholesale,5.49,False,,,,Accessories,
7,flowertopia,5f-tee,5F Tee,,31.66,False,,,,Accessories,
8,flowertopia,6-cone-diffuser-glass-bong,"6"" Cone diffuser glass bong",One Wholesale,35,False,,,,Accessories,
9,flowertopia,8-ball-kush-shatter-double-infused-pre-roll-1g,8 Ball Kush Shatter Double Infused Pre-Roll | 1g,Shatterizer,16,False,,,,Pre-Rolls,
10,flowertopia,8g-62-rh-integra-boost-humectant,8g 62% RH Integra Boost Humectant,Humble and Fume,1.99,False,,,,Accessories,
11,flowertopia,acid-secs-natural-opal-smoking-pipe,Acid Secs - Natural Opal Smoking Pipe,One Wholesale,28.49,False,,,,Accessories,
12,flowertopia,alien-cake-3030,Alien Cake 3030,Aurora Drift,27.5,False,,,,Flower,
13,flowertopia,alien-sinmint-cookies,Alien SinMint Cookies,BLKMKT,52,False,,,,Flower,
14,flowertopia,amherst-sour-diesel-pre-roll-10-pack-5g,Amherst Sour Diesel Pre-Roll 10-pack | 5g,Common Ground,28.5,False,,,,Pre-Rolls,
15,flowertopia,animal-face-pre-roll-3-pack-1-5g,Animal Face Pre-Roll 3-pack | 1.5g,Carmel Cannabis,20.81,False,,,,Pre-Rolls,
16,flowertopia,apricot-jelly-cartridge-1g,Apricot Jelly Cartridge | 1g,Ness,35.55,False,,,,Vaporizers,
17,flowertopia,balanced-oil-30ml,Balanced Oil | 30ml,Five Founders,35.95,False,28.76,True,"{'bogoSpecials': None, 'saleSpecials': [{'discount': 20, 'discountStacking': None, 'menuType': 'both', 'percentDiscount': True, 'source': None, 'sourceId': None, 'specialId': '62470e9a0211197a6cefb2b6', 'specialName': 'Self Care Saturday', 'specialRestrictions': {'concentrates-oil': {'discountType': 'percentDiscount'}, 'capsules-tablets': {'discountType': 'percentDiscount'}, 'Topicals': {'discountType': 'percentDiscount'}}, 'stackingBehavior': None, 'stackingMode': None, 'targetPrice': False, '__typename': 'Products_specialData_saleSpecials'}], '__typename': 'Products_specialData'}",Concentrate,
18,flowertopia,banana-purple-punch,Banana Purple Punch,Haven St. Premium Cannabis,32.25,False,,,,Flower,
19,flowertopia,blackberry-peach-hash-rosin-soft-chew-2-pack,Blackberry Peach Hash Rosin Soft Chew 2-pack,Proper Cannabis Co,10.95,False,,,,Edible,
20,flowertopia,blood-orange-yuzu-vanilla-sparkling-juice-58850,Blood Orange Yuzu & Vanilla Sparkling Juice,Collective Project,9.2,False,,,,Edible,
21,flowertopia,boveda-62,Boveda 62%,Humble and Fume,1.49,False,,,,Accessories,
22,flowertopia,cbd-25-regular-formula-30ml,CBD 25 Regular Formula | 30ml,MediPharm Labs,31.95,False,25.56,True,"{'bogoSpecials': None, 'saleSpecials': [{'discount': 20, 'discountStacking': None, 'menuType': 'both', 'percentDiscount': True, 'source': None, 'sourceId': None, 'specialId': '62470e9a0211197a6cefb2b6', 'specialName': 'Self Care Saturday', 'specialRestrictions': {'concentrates-oil': {'discountType': 'percentDiscount'}, 'capsules-tablets': {'discountType': 'percentDiscount'}, 'Topicals': {'discountType': 'percentDiscount'}}, 'stackingBehavior': None, 'stackingMode': None, 'targetPrice': False, '__typename': 'Products_specialData_saleSpecials'}], '__typename': 'Products_specialData'}",Concentrate,
23,flowertopia,cbd-milk-chocolate,CBD Milk Chocolate,Bhang,4.49,False,,,,Edible,
24,flowertopia,cbd-reign-drops-30ml,CBD Reign Drops | 30ml,Redecan,14.99,False,11.99,True,"{'bogoSpecials': None, 'saleSpecials': [{'discount': 20, 'discountStacking': None, 'menuType': 'both', 'percentDiscount': True, 'source': None, 'sourceId': None, 'specialId': '62470e9a0211197a6cefb2b6', 'specialName': 'Self Care Saturday', 'specialRestrictions': {'concentrates-oil': {'discountType': 'percentDiscount'}, 'capsules-tablets': {'discountType': 'percentDiscount'}, 'Topicals': {'discountType': 'percentDiscount'}}, 'stackingBehavior': None, 'stackingMode': None, 'targetPrice': False, '__typename': 'Products_specialData_saleSpecials'}], '__typename': 'Products_specialData'}",Concentrate,
25,flowertopia,canadian-lumber-green-100-unbleached,Canadian Lumber Green 100% Unbleached,Humble and Fume,2.2,False,,,,Accessories,
26,flowertopia,canadian-lumber-hippy-50-50,Canadian Lumber Hippy 50/50,Humble and Fume,2.8,False,,,,Accessories,
27,flowertopia,canadian-lumber-metal-rolling-tray,Canadian Lumber Metal Rolling Tray,Humble and Fume,7.99,False,,,,Accessories,
28,flowertopia,canadian-lumber-woods-unbleached,Canadian Lumber Woods Unbleached,Humble and Fume,2.2,False,,,,Accessories,
29,flowertopia,cannabolish-odor-removing-candle-7oz,Cannabolish Odor Removing Candle - 7oz.,Humble and Fume,14.99,False,,,,Accessories,
30,flowertopia,cannabolish-spray-8oz,Cannabolish Spray - 8oz,Humble and Fume,11.99,False,,,,Accessories,
31,flowertopia,chocolate-brownies,Chocolate Brownies,Olli,9.49,False,,,,Edible,
32,flowertopia,clear-6-glass-water-bong,"Clear 6"" Glass Water Bong",One Wholesale,16,False,,,,Accessories,
33,flowertopia,cold-creek-kush-96850,Cold Creek Kush,Vertical,9.99,False,,,,Flower,
34,flowertopia,cookies-and-cream-white-chocolate,Cookies and Cream White Chocolate,Bhang,4.99,False,,,,Edible,
35,flowertopia,craft-golden-berry,Craft Golden Berry,Mood Ring,36.45,False,,,,Flower,
36,flowertopia,crystal-pipe-hanna-dragons-blood,Crystal Pipe Hanna - Dragons Blood,Humble and Fume,30.99,False,,,,Accessories,
37,flowertopia,dark-helmet-ge-pre-rolls-1-5g,Dark Helmet GE Pre-Rolls | 1.5g,JWC,14.99,False,,,,Pre-Rolls,
38,flowertopia,dissolvable-thc-powder-single-10mg,Dissolvable THC Powder Single | 10mg,The Green Organic Dutchman,7.5,False,,,,Edible,
39,flowertopia,dosidos-x-purple-punch-cbn-cartridge-1g,Dosidos x Purple Punch CBN Cartridge | 1g,Northbound Cannabis,40.95,False,,,,Vaporizers,
40,flowertopia,dragon-s-lettuce-premium-sativa-3-5g,Dragon's Lettuce Premium Sativa | 3.5g,THC BioMed,16.55,False,,,,Flower,
41,flowertopia,eagle-torch-lighter,Eagle Torch Lighter,One Wholesale,16,False,,,,Accessories,
42,flowertopia,elements-rice-smoking-papers-king,Elements Rice smoking Papers King,One Wholesale,2.8,False,,,,Accessories,
43,flowertopia,evolve-vaporizer-black,Evolve Vaporizer | Black,Yocan,22.99,False,,,,Accessories,
44,flowertopia,evolve-vaporizer-silver,Evolve Vaporizer | Silver,Yocan,22.99,False,,,,Accessories,
45,flowertopia,feelz-pineapple-starfruit-2-1-thc-cbg-gummies,Feelz Pineapple Starfruit 2:1 THC:CBG Gummies,Spinach,8.2,False,,,,Edible,
46,flowertopia,flowertopia-bic-lighter-black,Flowertopia BIC Lighter - Black,,2.2,False,,,,Accessories,
47,flowertopia,flowertopia-bic-lighter-green,Flowertopia BIC Lighter - Green,,2.2,False,,,,Accessories,
48,flowertopia,flowertopia-bic-lighter-red,Flowertopia BIC Lighter - Red,,2.2,False,,,,Accessories,
49,flowertopia,flowertopia-grinder-2-piece-plastic,Flowertopia Grinder - 2 piece plastic,Humble and Fume,1.99,False,,,,Accessories,
50,flowertopia,flowertopia-grinder-3-piece-metal,Flowertopia Grinder - 3 piece metal,Humble and Fume,19.99,False,,,,Accessories,
51,flowertopia,flowertopia-papers-1-1-4,"Flowertopia Papers - 1 1/4""",,1.99,False,,,,Accessories,
52,flowertopia,flowertopic-bic-lighter-yellow,Flowertopic BIC Lighter - Yellow,,2.2,False,,,,Accessories,
53,flowertopia,forbidden-fruit-cartridge-0-45g,Forbidden Fruit Cartridge | 0.45g,Back Forty,23,False,,,,Vaporizers,
54,flowertopia,frozen-grapes,Frozen Grapes,18twelve ,38.49,False,,,,Flower,
55,flowertopia,funk-master,Funk Master,SHRED,31,False,,,,Flower,
56,flowertopia,ghost-train-haze,Ghost Train Haze,Color Cannabis,27.95,False,,,,Flower,
57,flowertopia,gnarberry,Gnarberry,SHRED,31,False,,,,Flower,
58,flowertopia,gorilla-berry-pre-roll-3-pack-1-5g,Gorilla Berry Pre-Roll 3-pack | 1.5g,GreenSeal Cannabis Co. ,16.5,False,,,,Pre-Rolls,
59,flowertopia,granddaddy-purple-cartridge-0-5g,Granddaddy Purple Cartridge | 0.5g,HEXO,24.99,False,,,,Vaporizers,
60,flowertopia,grape-canyon-soft-chew,Grape Canyon Soft Chew,Fly North,4.5,False,,,,Edible,
61,flowertopia,green-6-glass-water-bong,"Green 6"" Glass Water Bong",One Wholesale,16,False,,,,Accessories,
62,flowertopia,grower-s-choice-indica-pre-roll-1g,Grower's Choice Indica Pre-Roll | 1g,Good Supply,6.99,False,,,,Pre-Rolls,
63,flowertopia,grower-s-choice-sativa-pre-roll-1g,Grower's Choice Sativa Pre-Roll | 1g,Good Supply,6.49,False,,,,Pre-Rolls,
64,flowertopia,hazy-honey-0-5g,Hazy Honey | 0.5g,BOAZ ,29.95,False,23.96,True,"{'bogoSpecials': None, 'saleSpecials': [{'discount': 20, 'discountStacking': None, 'menuType': 'both', 'percentDiscount': True, 'source': None, 'sourceId': None, 'specialId': '62470e9a0211197a6cefb2b6', 'specialName': 'Self Care Saturday', 'specialRestrictions': {'concentrates-oil': {'discountType': 'percentDiscount'}, 'capsules-tablets': {'discountType': 'percentDiscount'}, 'Topicals': {'discountType': 'percentDiscount'}}, 'stackingBehavior': None, 'stackingMode': None, 'targetPrice': False, '__typename': 'Products_specialData_saleSpecials'}], '__typename': 'Products_specialData'}",Concentrate,
65,flowertopia,hempertech-8-puck-rig-w-inline-perc,"HemperTech 8"" Puck Rig w/ Inline Perc",Humble and Fume,37.99,False,,,,Accessories,
66,flowertopia,henry-the-grape-ape-1g,Henry The Grape Ape | 1g,Roilty Extracts,38,False,,,,Vaporizers,
67,flowertopia,honeystick-twist-510-battery-blue,Honeystick Twist 510 Battery - Blue,Maq Distributors,11,False,,,,Accessories,
68,flowertopia,honeystick-twist-510-battery-silver,Honeystick Twist 510 Battery - Silver,Maq Distributors,11,False,,,,Accessories,
69,flowertopia,i-c-c,I.C.C.,Big Bag O Buds,138.46,False,,,,Flower,
70,flowertopia,ice-cream-cake-232-series-live-terpene-stick-pre-roll-3-pack-1-5g,Ice Cream Cake 232 Series Live Terpene Stick Pre-Roll 3-pack | 1.5g,Kolab Project,24,False,,,,Pre-Rolls,
71,flowertopia,ice-cream-cake-5-pack-seeds,Ice Cream Cake 5 Pack Seeds,GMLL Pharma Inc.,32.95,False,,,,Seeds,
72,flowertopia,iced-tea-lemon,Iced Tea Lemon,Tweed,5.49,False,,,,Edible,
73,flowertopia,indica,Indica,Grasslands,94.75,False,,,,Flower,
74,flowertopia,jack-flash-cartridge-1g,Jack Flash Cartridge | 1g,Mood Ring,39,False,,,,Vaporizers,
75,flowertopia,japanese-citrus-yuzu-2-1-sour-soft-chews,Japanese Citrus Yuzu 2:1 Sour Soft Chews,Wana,7.99,False,,,,Edible,
76,flowertopia,jean-guy,Jean Guy,Good Supply,17,False,,,,Flower,
77,flowertopia,jean-guy-pre-roll-1g,Jean Guy Pre-Roll | 1g,Good Supply,8.2,False,,,,Pre-Rolls,
78,flowertopia,jet-fuel-gelato-pre-roll-14-pack-7g,Jet fuel Gelato Pre-Roll 14-pack | 7g,Pure Sunfarms,43,False,,,,Pre-Rolls,
79,flowertopia,king-palm-mini-pre-roll-pouch,King Palm Mini Pre-Roll Pouch,Humble and Fume,5.5,False,,,,Accessories,
80,flowertopia,king-palm-rollies-pre-roll-pouch,King Palm Rollies Pre-Roll Pouch,Humble and Fume,6.31,False,,,,Accessories,
81,flowertopia,king-palm-slim-pre-roll-pouch,King Palm Slim Pre-Roll Pouch,Humble and Fume,7.25,False,,,,Accessories,
82,flowertopia,kush-mint-cartridge-0-45g,Kush Mint Cartridge | 0.45g,Back Forty,23.99,False,,,,Vaporizers,
83,flowertopia,kush-mint-cartridge-1g,Kush Mint Cartridge | 1g,Back Forty,37,False,,,,Vaporizers,
84,flowertopia,kush-mints,Kush Mints,Broken Coast Cannabis,42.95,False,,,,Flower,
85,flowertopia,legacy-gorilla-cookies,Legacy Gorilla Cookies,Pura Vida,18,False,,,,Flower,
86,flowertopia,lemon-lime-sparkling-beverage,Lemon Lime Sparkling Beverage,Everie,5.25,False,,,,Edible,
87,flowertopia,lemon-pepper-live-resin-badder-1g,Lemon Pepper Live Resin Badder | 1g,Purple Hills,49.95,False,,,,Concentrate,
88,flowertopia,lemon-z-pre-roll-3-pack-1-5g,Lemon Z Pre-Roll 3-pack | 1.5g,Weed Me,18.2,False,,,,Pre-Rolls,
89,flowertopia,lemon-z-up20,Lemon Z UP20,UP,25,False,,,,Flower,
90,flowertopia,lemonberry-haze-live-rosin-pax-pod-0-5g,Lemonberry Haze Live Rosin PAX Pod | 0.5g,Avana,47.95,False,,,,Vaporizers,
91,flowertopia,light-year-thc-softgels-30-pack,Light Year - THC Softgels | 30-Pack,Emprise Canada,38.43,False,30.74,True,"{'bogoSpecials': None, 'saleSpecials': [{'discount': 20, 'discountStacking': None, 'menuType': 'both', 'percentDiscount': True, 'source': None, 'sourceId': None, 'specialId': '62470e9a0211197a6cefb2b6', 'specialName': 'Self Care Saturday', 'specialRestrictions': {'concentrates-oil': {'discountType': 'percentDiscount'}, 'capsules-tablets': {'discountType': 'percentDiscount'}, 'Topicals': {'discountType': 'percentDiscount'}}, 'stackingBehavior': None, 'stackingMode': None, 'targetPrice': False, '__typename': 'Products_specialData_saleSpecials'}], '__typename': 'Products_specialData'}",Edible,
92,flowertopia,live-amnesia-haze-1g,Live Amnesia Haze | 1g,RAD,40.49,False,,,,Concentrate,
93,flowertopia,mac-1-41656,MAC 1,Citizen Stash,35.54,False,,,,Flower,
94,flowertopia,mandarin-cookie-pre-roll-3-pack-1-5g,Mandarin Cookie Pre-Roll 3-Pack | 1.5g,Weed Me,18.3,False,,,,Pre-Rolls,
95,flowertopia,mandarin-cookies,Mandarin Cookies,Back Forty,21.5,False,,,,Flower,
96,flowertopia,mango-haze,Mango Haze,Color Cannabis,26.07,False,,,,Flower,
97,flowertopia,mango-haze-balanced-cartridge-1g,Mango Haze Balanced Cartridge | 1g,Foray,47,False,,,,Vaporizers,
98,flowertopia,mango-sour-soft-chews,Mango Sour Soft Chews,Wana,6.99,False,,,,Edible,
99,flowertopia,mango-tango-dried-fruit,Mango Tango Dried Fruit,Rilaxe,6.49,False,,,,Edible,
100,flowertopia,mendo-breath,Mendo Breath,Coterie,39,False,,,,Flower,
101,flowertopia,milk-chocolate-bar,Milk Chocolate Bar,Bhang,4.49,False,,,,Edible,
102,flowertopia,muskmelon-og-wax-1g,Muskmelon OG Wax | 1g,Broken Coast Cannabis,58.49,False,,,,Concentrate,
103,flowertopia,ninja-fruit-cartridge-1g,Ninja Fruit Cartridge | 1g,Ness,35.55,False,,,,Vaporizers,
104,flowertopia,nova-twist-control-vape-battery-w-usb-charger-mixed-colour,Nova Twist Control Vape Battery w/USB Charger Mixed Colour,One Wholesale,16,False,,,,Accessories,
105,flowertopia,ocb-virgin-unbleached-organic-hemp-cones-king-size,OCB Virgin Unbleached Organic Hemp Cones - King Size,Humble and Fume,1.99,False,,,,Accessories,
106,flowertopia,og-kush-cartridge-0-5g,OG Kush Cartridge | 0.5g,Daily Special,27.99,False,,,,Vaporizers,
107,flowertopia,orange-chronic-cleaner-12oz-32279,Orange Chronic Cleaner | 12oz,Orange Chronic,9.49,True,,,,Accessories,
108,flowertopia,pax-era-pro-red-crimson,PAX Era Pro Red (Crimson),PAX,77.99,True,,,,Accessories,
109,flowertopia,pedro-s-sweet-sativa-pre-roll-2-pack-0-7g,Pedro's Sweet Sativa Pre-Roll 2-pack | 0.7g,Color Cannabis,9.14,False,,,,Pre-Rolls,
110,flowertopia,pink-kush-81105,Pink Kush,Pure Sunfarms,22.07,False,,,,Flower,
111,flowertopia,pink-kush-pre-roll-10-pack-3g,Pink Kush Pre-Roll 10-pack | 3g,Pure Sunfarms,20,False,,,,Pre-Rolls,
112,flowertopia,pink-kush-pre-roll-3-pack-1-5g,Pink Kush Pre-Roll 3-pack | 1.5g,Pure Sunfarms,11.5,False,,,,Pre-Rolls,
113,flowertopia,piranha-3-piece-grinder-w-storage-2-0-black,"Piranha 3-Piece Grinder w/ Storage 2.0"" Black",Humble and Fume,19.99,False,,,,Accessories,
114,flowertopia,piranha-3-piece-grinder-w-storage-2-0-light-blue,"Piranha 3-Piece Grinder w/ Storage 2.0"" Light Blue",Humble and Fume,19.99,False,,,,Accessories,
115,flowertopia,piranha-3-piece-grinder-w-storage-2-0-rasta,"Piranha 3-Piece Grinder w/ Storage 2.0"" Rasta",Humble and Fume,19.49,False,,,,Accessories,
116,flowertopia,piranha-3-piece-grinder-w-storage-2-0-red,"Piranha 3-Piece Grinder w/ Storage 2.0"" Red",Humble and Fume,19.49,False,,,,Accessories,
117,flowertopia,piranha-3-piece-grinder-w-storage-2-2-lime-green,"Piranha 3-Piece Grinder w/Storage 2.2"" Lime Green",Humble and Fume,20.99,False,,,,Accessories,
118,flowertopia,piranha-unbleached-organic-hemp-cones,Piranha Unbleached Organic Hemp Cones,Humble and Fume,2.45,False,,,,Accessories,
119,flowertopia,prenup,PreNup,Sugarbud,40,False,,,,Flower,
120,flowertopia,pulsar-6-fixed-bowl-beaker-fixed-bowl-downstem-asst-colours,"Pulsar 6"" Fixed Bowl Beaker /Fixed Bowl & Downstem, Asst. Colours",Humble and Fume,39.99,False,,,,Accessories,
121,flowertopia,pure-sun-cbd,Pure Sun CBD,Pure Sunfarms,21.49,False,,,,Flower,
122,flowertopia,raw-classic-pre-rolled-peacemaker-cones,RAW Classic Pre-Rolled Peacemaker Cones,One Wholesale,5.91,False,,,,Accessories,
123,flowertopia,raw-large-rolling-tray-rawsta,RAW Large Rolling Tray - Rawsta,One Wholesale,8.49,False,,,,Accessories,
124,flowertopia,raw-large-tray-authentic,RAW Large Tray - Authentic,One Wholesale,8.49,False,,,,Accessories,
125,flowertopia,raspberry-cheesecake-1-1-cookies-2-pack,Raspberry Cheesecake 1:1 Cookies | 2-Pack,Olli,9.4,False,,,,Edible,
126,flowertopia,raw-black-king-slim-rolling-paper-61494,Raw Black King Slim Rolling Paper,One Wholesale,3.5,False,,,,Accessories,
127,flowertopia,raw-black-natural-unrefined-rolling-paper-1-1-4,"Raw Black Natural Unrefined Rolling Paper - 1 1/4""",One Wholesale,2.02,False,,,,Accessories,
128,flowertopia,raw-black-organic-hemp-rolling-paper-1-1-4,"Raw Black Organic Hemp Rolling Paper - 1 1/4""",One Wholesale,2.49,False,,,,Accessories,
129,flowertopia,raw-rolling-machine-79-mm,Raw Rolling Machine 79 mm,One Wholesale,6,False,,,,Accessories,
130,flowertopia,real-fruit-pomegranate-1-1-soft-chews-2-pack,Real Fruit Pomegranate 1:1 Soft Chews | 2-Pack,Wyld,6.99,False,,,,Edible,
131,flowertopia,real-fruit-raspberry-soft-chew-2-pack,Real Fruit Raspberry Soft Chew | 2-Pack,Wyld,6.99,False,,,,Edible,
132,flowertopia,redees-cold-creek-kush-pre-roll-10-pack-4g,Redees Cold Creek Kush Pre-Roll 10-pack | 4g,Redecan,22.99,False,,,,Pre-Rolls,
133,flowertopia,reign-drops-30-0-30ml,Reign Drops 30:0 | 30ml,Redecan,33.14,False,26.51,True,"{'bogoSpecials': None, 'saleSpecials': [{'discount': 20, 'discountStacking': None, 'menuType': 'both', 'percentDiscount': True, 'source': None, 'sourceId': None, 'specialId': '62470e9a0211197a6cefb2b6', 'specialName': 'Self Care Saturday', 'specialRestrictions': {'concentrates-oil': {'discountType': 'percentDiscount'}, 'capsules-tablets': {'discountType': 'percentDiscount'}, 'Topicals': {'discountType': 'percentDiscount'}}, 'stackingBehavior': None, 'stackingMode': None, 'targetPrice': False, '__typename': 'Products_specialData_saleSpecials'}], '__typename': 'Products_specialData'}",Concentrate,
134,flowertopia,rez-block-concentrate-15ml,Rez Block Concentrate 15ml,Humble and Fume,14.99,False,,,,Accessories,
135,flowertopia,rolling-filters-raw-black-tips,Rolling FIlters RAW Black Tips,Maq Distributors,2,False,,,,Accessories,
136,flowertopia,rolling-papers-raw-classic-hemp-single-wide,Rolling Papers RAW Classic Hemp Single Wide,Maq Distributors,1.99,False,,,,Accessories,
137,flowertopia,ronson-multi-fill-butane,Ronson Multi-fill Butane,One Wholesale,6.99,False,,,,Accessories,
138,flowertopia,root-beer-float-pre-roll-3-pack-1-5g,Root Beer Float Pre-Roll 3-pack | 1.5g,Bold Growth,22.6,False,,,,Pre-Rolls,
139,flowertopia,sourz-blue-raspberry-watermelon,SOURZ Blue Raspberry Watermelon,Spinach,6.99,False,,,,Edible,
140,flowertopia,sourz-peach-orange-1-1,SOURZ Peach Orange 1:1,Spinach,7.5,False,,,,Edible,
141,flowertopia,sourz-strawberry-mango-gummies,SOURZ Strawberry Mango Gummies,Spinach,7.99,False,,,,Edible,
142,flowertopia,sage-n-sour-87290,Sage N' Sour,MTL Cannabis,34.1,False,,,,Flower,
143,flowertopia,santa-cruz-shredder-2-piece-hemp-grinder-asst-colours,Santa Cruz Shredder 2-Piece Hemp Grinder Asst. Colours,Humble and Fume,9.49,False,,,,Accessories,
144,flowertopia,sativa-pre-rolls-2g,Sativa Pre-Rolls | 2g,Hiway,9.57,False,,,,Pre-Rolls,
145,flowertopia,scott-s-og-pre-roll-0-5g,Scott's OG Pre-Roll | 0.5g,Hiway,5,False,,,,Pre-Rolls,
146,flowertopia,screens-metal-standard-brass,Screens - Metal - Standard Brass,Maq Distributors,0.99,False,,,,Accessories,
147,flowertopia,sharpstone-2-piece-grinder-2-5-black,"SharpStone 2-Piece Grinder - 2.5"" Black",Humble and Fume,17.99,False,,,,Accessories,
148,flowertopia,sharpstone-2-piece-grinder-2-5-pink-82242,"SharpStone 2-Piece Grinder - 2.5"" Pink",CanaCrush,17.99,False,,,,Accessories,
149,flowertopia,sharpstone-2-piece-grinder-2-5-green,"Sharpstone 2-piece Grinder - 2.5"" Green",Humble and Fume,17.99,False,,,,Accessories,
150,flowertopia,skilletools-mini-mr-dabalina,Skilletools Mini - Mr. Dabalina,Humble and Fume,11.99,False,,,,Accessories,
151,flowertopia,skunk-brand-flavoured-papers-blackberry,Skunk Brand Flavoured Papers - Blackberry,One Wholesale,2.27,False,,,,Accessories,
152,flowertopia,sour-apple-cartridge-1g,Sour Apple Cartridge | 1g,Back Forty,37,False,,,,Vaporizers,
153,flowertopia,sour-diesel-shatter-1g,Sour Diesel Shatter | 1g,RAD,35.99,False,,,,Concentrate,
154,flowertopia,sour-og-cheese,Sour OG Cheese,Edison Cannabis Co.,32.95,False,,,,Flower,
155,flowertopia,spicy-pineapple-habanero-soft-chew,Spicy Pineapple Habanero Soft Chew,Daily Special,5,False,,,,Edible,
156,flowertopia,spoon-by-grav-4-green,"Spoon by Grav - 4"" Green",Humble and Fume,18.99,False,,,,Accessories,
157,flowertopia,spoon-by-grav-4-smoke-grey,"Spoon by Grav - 4"" Smoke Grey",Humble and Fume,18.99,False,,,,Accessories,
158,flowertopia,spoon-by-grav-4-white,"Spoon by Grav - 4"" White",Humble and Fume,18.99,False,,,,Accessories,
159,flowertopia,strawberry-lemonade-1-1-sour-soft-chews,Strawberry Lemonade 1:1 Sour Soft Chews,Wana,7.65,False,,,,Edible,
160,flowertopia,subway-scientist-pre-roll-1g,Subway Scientist Pre-Roll | 1g,RIFF,8,False,,,,Pre-Rolls,
161,flowertopia,summer-punch-sparkling-beverage,Summer Punch Sparkling Beverage,Phresh Cannabis Cultivation,6.99,False,,,,Edible,
162,flowertopia,sunny-day-citrus-sugar-free-soft-chews-30-pack,Sunny Day Citrus Sugar Free Soft Chews | 30-Pack,Monjour ,35,False,,,,Edible,
163,flowertopia,sunset-mac-cold-cure-live-rosin-0-5g,Sunset Mac Cold Cure Live Rosin | 0.5g,Qwest,31.49,False,,,,Concentrate,
164,flowertopia,super-lemon-haze-cartridge-1g,Super Lemon Haze Cartridge | 1g,Back Forty,37,False,,,,Vaporizers,
165,flowertopia,sweet-herbal-cones-king-size-rolling-papers-cones-and-filters,"Sweet Herbal Cones King Size Rolling Papers, Cones and Filters",KUSH,2.3,False,,,,Accessories,
166,flowertopia,thc-citrus-shot,THC Citrus Shot,Aurora Drift,6.49,False,,,,Edible,
167,flowertopia,thc-oil-30ml,THC Oil | 30ml,Five Founders,34.66,False,27.73,True,"{'bogoSpecials': None, 'saleSpecials': [{'discount': 20, 'discountStacking': None, 'menuType': 'both', 'percentDiscount': True, 'source': None, 'sourceId': None, 'specialId': '62470e9a0211197a6cefb2b6', 'specialName': 'Self Care Saturday', 'specialRestrictions': {'concentrates-oil': {'discountType': 'percentDiscount'}, 'capsules-tablets': {'discountType': 'percentDiscount'}, 'Topicals': {'discountType': 'percentDiscount'}}, 'stackingBehavior': None, 'stackingMode': None, 'targetPrice': False, '__typename': 'Products_specialData_saleSpecials'}], '__typename': 'Products_specialData'}",Concentrate,
168,flowertopia,tapered-bristle-pipe-cleaners-by-randy-s,Tapered Bristle Pipe Cleaners by Randy's,Humble and Fume,1.49,False,,,,Accessories,
169,flowertopia,top-puff-bottle-toppers,Top Puff Bottle Toppers,Humble and Fume,14.99,False,,,,Accessories,
170,flowertopia,transdermal-1-1-cream,Transdermal 1:1 Cream,LivRelief,54.49,False,43.59,True,"{'bogoSpecials': None, 'saleSpecials': [{'discount': 20, 'discountStacking': None, 'menuType': 'both', 'percentDiscount': True, 'source': None, 'sourceId': None, 'specialId': '62470e9a0211197a6cefb2b6', 'specialName': 'Self Care Saturday', 'specialRestrictions': {'concentrates-oil': {'discountType': 'percentDiscount'}, 'capsules-tablets': {'discountType': 'percentDiscount'}, 'Topicals': {'discountType': 'percentDiscount'}}, 'stackingBehavior': None, 'stackingMode': None, 'targetPrice': False, '__typename': 'Products_specialData_saleSpecials'}], '__typename': 'Products_specialData'}",Topicals,
171,flowertopia,universal-510-thread-usb-charger,Universal 510 Thread USB Charger,Maq Distributors,4,False,,,,Accessories,
172,flowertopia,wappa,Wappa,Redecan,7.99,False,,,,Flower,
173,flowertopia,wedding-pie,Wedding Pie,Back Forty,21.75,False,,,,Flower,
174,flowertopia,wedding-pie-pre-roll-10-pack-3-5g,Wedding Pie Pre-Roll 10-pack | 3.5g,Back Forty,18.95,False,,,,Pre-Rolls,
175,flowertopia,xmg-citrus-beverage,XMG Citrus Beverage,XMG,8.5,False,,,,Edible,
176,flowertopia,xmg-mango-pineapple-beverage,XMG Mango Pineapple Beverage,XMG,7,False,,,,Edible,
177,flowertopia,xmg-tropical-fruit-beverage,XMG Tropical Fruit Beverage,XMG,7,False,,,,Edible,
178,flowertopia,xmg-watermelon-beverage,XMG Watermelon Beverage,XMG,8.5,False,,,,Edible,
179,flowertopia,yocan-evolve-plus-vaporizer-camouflage-66772,Yocan Evolve Plus Vaporizer | Camouflage,Yocan,22.99,True,,,,Accessories,
180,flowertopia,yocan-evolve-plus-vaporizer-champagne-gold-96129,Yocan Evolve Plus Vaporizer | Champagne Gold,Yocan,22.99,True,,,,Accessories,
181,flowertopia,zigzag-unbleached-king-sized-cones,ZigZag Unbleached King Sized Cones,Maq Distributors,3,False,,,,Accessories,
182,flowertopia,zigzag-unbleached-rolling-paper-kit,ZigZag Unbleached Rolling Paper Kit,Maq Distributors,3.5,False,,,,Accessories,
183,flowertopia,zookies,Zookies,Flint & Embers,33.95,False,,,,Flower,
